Currency_Code,1953,1954,1955,1956,1957,1958,1959,1960,1961,1962,1963,1964,1965,1966,1967,1968,1969,1970,1971,1972,1973,1974,1975,1976,1977,1978,1979,1980,1981,1982,1983,1984,1985,1986,1987,1988,1989,1990,1991,1992,1993,1994,1995,1996,1997,1998,1999,2000,2001,2002,2003,2004,2005,2006,2007,2008,2009,2010,2011,2012,2013,2014,2015,2016,2017,2018,2019,2020
AED,,,,,,,,,,,,,,4.7619,4.7619,4.7619,4.7619,4.7619,4.747963,4.385978,3.996271,3.959045,3.961285,3.953072,3.903248,3.871211,3.815676,3.837067,4.326919,4.067089,3.998851,3.870916,3.432523,3.316936,3.405268,4.046254,3.889386,3.457248,4.05157,3.803902,3.797149,3.450535,3.453908,3.80078,4.059334,3.622519,4.025545,3.739528,3.6725,3.6725,3.6725,3.6725,3.6725,3.6725,3.6725,3.6725,3.6725,3.6725,3.672504,3.6725,3.6725,3.6725,3.6725,3.6725,3.672487,3.672506,3.672536,3.6725
ALL,,,,,,,,,,,,,,,,,,,,,,,,,,,,,,,,,,,,,,,,77.74891,105.56973,88.940656,87.215647,108.193244,164.682069,148.583304,150.927064,148.233516,145.293145,139.249374,121.814087,104.939982,99.869502,98.108794,90.298813,83.840407,94.842414,104.132004,100.904392,108.21773,105.671873,105.513237,125.94446,124.065664,119.00508,108.080629,109.919116,112.473485
ANG,,,,,,,,,,,,,,,,,,,,,,,,,,,,,,,,,,,,,,,,1.781912,1.780554,1.77856,1.764111,1.759916,1.777675,1.786272,1.789951,1.79,1.79,1.79,1.79,1.79,1.79,1.79,1.79,1.79,1.79,1.79,1.790002,1.79,1.79,1.79,1.79,1.79,1.789987,1.790003,1.790018,1.79
AOA,,,,,,,,,,,,,,,,,,,,,,,,,,,,,,,,,,,,,,,0,0,0.000003,0.000056,0.002588,0.132555,0.25326,0.387477,3.058983,10.953167,22.938295,40.701196,69.301984,84.919631,95.580668,75.578259,74.634676,74.571064,78.888519,91.791256,93.566355,95.213949,96.517007,98.322268,119.216047,162.84588,165.888205,252.49594,364.105772,524.426705
ARS,,,,,,,,,,,,,,,,,,,,,,,,,,,,,0,0,0.000001,0.000007,0.000056,0.000085,0.000199,0.000965,0.044852,0.459198,1.052409,1.026506,1.033273,0.939012,0.940628,1.035003,1.105194,0.985897,1.095584,1.019166,0.999905,3.120529,2.959085,2.941283,2.920355,3.07387,3.115469,3.160485,3.730046,3.911666,4.127573,4.544477,5.471578,8.102889,9.247159,14.765348,16.550881,28.109931,48.22464,63.813592
AUD,,,,,,,,0.892857,0.892857,0.892857,0.892857,0.892857,0.892857,0.892857,0.892857,0.892857,0.892857,0.892857,0.880245,0.838817,0.706482,0.69771,0.765582,0.820246,0.902249,0.874149,0.894886,0.877888,0.870165,0.986967,1.110926,1.139877,1.431218,1.496312,1.427558,1.279904,1.265469,1.281368,1.284466,1.362283,1.472006,1.367306,1.349601,1.27814,1.348288,1.592027,1.550194,1.726292,1.93458,1.840417,1.54095,1.360434,1.312638,1.328186,1.194885,1.196204,1.279083,1.089419,0.969576,0.965948,1.036882,1.109236,1.332359,1.344874,1.305026,1.339015,1.439273,1.533421
AWG,,,,,,,,,,,,,,,,,,,,,,,,,,,,,,,,,,1.617357,1.660428,1.972976,1.896486,1.685773,1.975568,1.781883,1.780554,1.778591,1.764144,1.759916,1.777687,1.786245,1.789951,1.79,1.79,1.79,1.79,1.79,1.79,1.79,1.79,1.79,1.79,1.79,1.790002,1.79,1.79,1.79,1.79,1.79,1.789992,1.790003,1.790018,1.79
BAM,,,,,,,,,,,,,,,,,,,,,,,,,,,,,,,,,,,,,,,,,,,,,,,,,,,,,,,,1.35066,1.40618,1.478378,1.40667,1.523294,1.473198,1.47458,1.763956,1.767855,1.734891,1.657727,1.747355,1.780849
BBD,,,,,,,,1.71429,1.71429,1.71429,1.71429,1.71429,1.71429,1.71429,1.738099,2,2,2,1.974876,1.921281,1.959221,2.053231,2.018867,2,2,2,2,2.06997,2.357352,2.215794,2.178617,2.108916,1.870075,1.807102,1.855227,2.204442,2.118979,1.883546,2.207339,2.072406,2.068727,1.879888,1.881726,2.070706,2.211493,1.972781,2.192264,2.036503,2,2,2,2,2,2,2,2,2,2,2.000002,2,2,2,2,2,1.999991,2.000003,2.00002,2
BDT,,,,,,,,,,,,,,,,,,,7.868843,7.700184,7.849816,8.226002,12.18618,15.399169,15.3751,15.016117,15.551925,15.994718,21.200481,24.504333,26.813785,26.734662,26.175997,27.474191,28.709478,34.977059,34.18973,32.555965,40.390089,40.360897,40.926929,37.796792,37.896379,43.271709,48.533559,46.267294,53.804081,53.734627,56.527891,57.347707,58.171945,59.3846,64.1131,68.219549,68.790559,68.50216,68.7403,69.704022,74.060427,81.933531,78.173642,77.474609,77.817455,78.526167,81.248207,83.798646,84.425266,84.903071
BGL,,,,,,,,0.00117,0.00117,0.00117,0.00117,0.00117,0.00117,0.00117,0.00117,0.00117,0.00117,0.00117,0.00117,0.00108,0.000979,0.00097,0.00097,,,,,,,,,,0.000963,0.000849,0.000807,0.000915,0.00089,0.002062,0.019632,0.024186,0.028542,0.050883,0.063199,0.184178,1.859732,1.736401,1.923707,2.123833,2.18581,2.075027,1.732407,1.574107,1.574633,1.559096,1.42923,1.336808,1.40618,1.478378,1.40667,1.523294,1.473198,1.47458,1.763956,1.767855,1.734891,1.657727,1.747355,1.780407
BGN,,,,,,,,,,,,,,,,,,,,,,,,,,,,,,,,,,,,,,,,,,,,,,,,,,,1.699558,1.574107,1.574633,1.559096,1.42923,1.336808,1.406179,1.478378,1.40667,1.523294,1.473196,1.474578,1.763956,1.767855,1.734763,1.657709,1.747329,1.780822
BHD,,,,,,,,,,,,,,0.47619,0.47619,0.47619,0.47619,0.47619,0.474796,0.438598,0.39963,0.39474,0.3955,0.395599,0.39565,0.387453,0.381618,0.39019,0.443182,0.416569,0.40958,0.396476,0.351574,0.339735,0.348783,0.414435,0.398368,0.354107,0.41498,0.389612,0.388921,0.353419,0.353764,0.389293,0.415761,0.370883,0.412146,0.382863,0.376,0.376,0.376,0.376,0.376,0.376,0.376,0.376,0.376,0.376,0.376,0.376,0.376,0.376,0.376,0.376,0.376003,0.376001,0.376004,0.376
BIF,,,,,,,,50,50,50,50,50,84.375,87.5,87.5,87.5,87.5,87.5,87.5,87.5,80.026083,78.75,78.75,86.25,90,90,90,93.148644,106.080834,99.710716,101.249385,126.22831,112.850394,103.159418,114.619457,154.746342,168.105685,161.283703,200.329889,215.843873,251.122784,237.488657,234.987588,313.449605,389.610742,441.672009,617.738931,735.321932,822.08233,910.075876,1052.394855,1074.521149,1061.523629,999.623078,1078.009032,1170.963444,1214.324876,1224.991419,1229.109306,1394.65763,1542.88313,1545.991606,1563.624316,1620.302866,1724.259844,1781.203524,1846.440313,1896.522391
BOB,,,,,,,,0.000012,0.000012,0.000012,0.000012,0.000012,0.000012,0.000012,0.000012,0.000012,0.000012,0.000012,0.000012,0.000013,0.00002,0.00002,0.00002,0.00002,0.00002,0.00002,0.00002,0.000025,0.000029,0.000071,0.000252,0.003307,0.411444,1.736588,1.906106,2.590486,2.85181,2.987916,3.951808,4.041728,4.411647,4.343028,4.516464,5.254014,5.809878,5.435144,6.371167,6.337178,6.670675,7.17408,7.64543,7.940425,8.060164,7.997115,7.841203,7.227201,7.006106,7.011285,6.966015,6.909152,6.914635,6.907321,6.897119,6.891983,6.91499,6.91186,6.911977,6.90222
BRL,,,,,,,,,,,,,,,,,,,,,,,,,,,,,,,,,,,,0,0.000001,0.000028,0.000194,0.002024,0.039592,0.624765,0.902035,0.991811,1.075285,1.163312,1.818408,1.83254,2.371638,2.923056,3.09525,2.92559,2.430365,2.175091,1.946799,1.835024,1.995689,1.759308,1.673984,1.954152,2.15862,2.353535,3.339092,3.484095,3.190667,3.655838,3.944095,4.869341
BSD,,,,,,,,1.02041,1.02041,1.02041,1.02041,1.02041,1.02041,1.02041,1.02041,1.02041,1.02041,1.001701,1,1,1,1,1,1,1,1,1,1.034985,1.178676,1.107897,1.089308,1.054458,0.935038,0.903551,0.927613,1.102221,1.05949,0.941773,1.103669,1.036203,1.034364,0.939944,0.940863,1.035353,1.105747,0.986391,1.096132,1.018251,1,1,1,1,1,1,1,1,1,1,1.000001,1,1,1,1,1,0.999995,1.000002,1.00001,1
BWP,,,,,,,,0.713321,0.714694,0.713266,0.715287,0.717259,0.716334,0.716983,0.71705,0.716998,0.718057,0.716413,0.715217,0.769123,0.694114,0.679477,0.739508,0.869565,0.84196,0.828157,0.815007,0.804416,0.986243,1.140758,1.19489,1.36908,1.778971,1.697903,1.557408,2.015508,2.134751,1.752136,2.23113,2.186104,2.50634,2.523417,2.608267,3.441716,4.036819,4.168368,5.068948,5.306428,5.809496,6.289911,4.941961,4.686124,5.106556,5.816491,6.144271,6.810377,7.136915,6.822361,6.862636,7.669495,8.425779,8.994348,10.139982,10.893663,10.365289,10.199896,10.761276,11.492464
BZD,,,,,,,,1.42857,1.42857,1.42857,1.42857,1.42857,1.42857,1.42857,1.448412,1.66667,1.66667,1.66667,1.643682,1.601562,1.632684,1.710927,1.808044,2.225673,2,2,2,2.06997,2.357352,2.215794,2.178617,2.108916,1.870075,1.807102,1.855227,2.204442,2.118979,1.883546,2.207339,2.072406,2.068727,1.879888,1.881726,2.070706,2.211493,1.972781,2.192264,2.036503,2,2,2,2,2,2,2,2,2,2,2.000002,2,2,2,2,2,1.999989,2.000003,2.00002,2
CAD,0.980918,0.97329,0.986164,0.984009,0.958705,0.970465,0.958833,0.969725,1.012909,1.06884,1.078561,1.078634,1.077993,1.077298,1.078677,1.077402,1.076724,1.043895,1.009711,0.990314,0.999491,0.977637,1.016835,0.986048,1.06355,1.139855,1.171102,1.168361,1.198302,1.233404,1.232011,1.294467,1.364837,1.389236,1.325864,1.230547,1.183778,1.166707,1.145857,1.208433,1.290075,1.365905,1.372329,1.363686,1.384371,1.483033,1.485829,1.485218,1.548252,1.569894,1.401246,1.301256,1.212012,1.134152,1.073623,1.065847,1.140274,1.029901,0.989288,0.999739,1.030191,1.104261,1.27911,1.324811,1.298141,1.29571,1.326937,1.365488
CHF,4.292068,4.288035,4.28586,4.285295,4.286099,4.286477,4.320871,4.318827,4.318987,4.323819,4.321296,4.318811,4.327349,4.325998,4.327771,4.31551,4.312414,4.310032,4.115073,3.817449,3.16525,2.978028,2.583246,2.498518,2.402445,1.788448,1.66347,1.675796,1.963306,2.030998,2.10044,2.349143,2.45387,1.797683,1.490863,1.463407,1.635781,1.389626,1.434955,1.405922,1.477807,1.3666,1.182491,1.235524,1.450386,1.449522,1.50353,1.68986,1.687975,1.556567,1.346326,1.242568,1.246535,1.253615,1.200066,1.083274,1.085421,1.042642,0.886761,0.938684,0.927282,0.915544,0.96285,0.985258,0.984678,0.97856,0.993719,0.968307
CLP,,,,,,,,0.001049,0.00105,0.001058,0.001622,0.002307,0.003157,0.003851,0.005068,0.006876,0.008618,0.011277,0.012209,0.020835,0.071642,0.592826,4.910417,13.054167,21.535833,31.655833,37.245833,40.364413,45.968362,56.401182,85.82478,103.840405,150.410154,174.322131,203.524546,270.057048,282.835166,287.149684,385.418839,375.702209,418.054409,394.94263,373.309344,426.841442,463.634028,454.023264,557.686422,560.408245,640.358368,689.485652,692.930903,610.240588,559.788679,530.453281,521.860941,523.035541,558.603166,511.329791,483.600052,486.521416,495.61612,570.598932,654.96635,676.14215,648.897471,642.117352,704.1681,814.041436
CNY,,,,,,,,2.461809,2.461809,2.461809,2.461809,2.461809,2.461809,2.461809,2.461809,2.461809,2.461809,2.461809,2.461809,2.245067,1.989416,1.9612,1.8598,1.9414,1.857824,1.6836,1.555,1.550821,1.71044,1.89837,1.981201,2.33291,2.944456,3.461495,3.731065,3.731597,3.770289,4.793205,5.334961,5.528751,5.778435,8.639406,8.37001,8.338246,8.27,8.27,8.27,8.27,8.27,8.27,8.27,8.27,8.188736,7.973511,7.60629,6.948459,6.830745,6.767809,6.462422,6.309354,6.148014,6.161199,6.285394,6.644414,6.758768,6.618697,6.911383,7.027228
COP,,,,,,,,6.635,6.7,6.901208,9,9,10.475,13.5,14.506392,16.290667,17.320142,18.4431,19.931933,21.865642,23.636983,26.064125,30.928942,34.693925,36.774867,39.094642,42.549775,48.934407,64.2267,70.999255,85.896638,106.307565,133.066764,175.525134,225.045948,329.755735,405.32691,473.01413,698.672598,786.770375,892.722655,794.098614,858.844588,1073.33617,1261.615914,1406.629945,1925.060959,2176.980364,2315.555466,2501.541051,2878.381299,2633.219998,2320.902468,2359.379949,2074.250089,1967.903978,2151.654336,1898.545157,1848.19455,1797.816467,1870.33035,1999.908512,2747.822973,3051.418284,2950.864257,2956.230881,3283.338572,3685.559197
CRC,,,,,,,,5.615,5.951667,6.625,6.625,6.625,6.625,6.625,6.625,6.625,6.625,6.625,6.625833,6.635,6.646758,7.929997,8.57,8.57,8.57,8.57,8.57,8.869821,25.651917,41.442728,44.764214,46.957852,47.175781,50.586119,58.232039,83.553582,86.352862,86.246891,135.124915,139.375882,147.057191,147.633906,169.100521,215.031557,257.193899,253.728432,313.148156,316.61315,331.592529,359.518105,397.837149,438.230307,478.140063,511.347844,516.745146,524.970049,570.457238,524.653188,501.812026,502.399732,501.389792,536.719931,533.66417,543.099622,566.53535,577.157895,587.018588,569.398952
CUP,,,,,,,,,,,,,,,,,,,,,,,,,,,,,,,,,,,,,,,,,,,,,,,,,21.005073,21.002596,18.825268,19.376562,24.659087,25.975146,26.499867,26.501615,26.497761,26.500609,26.500499,26.498378,26.501881,26.500261,26.499274,26.500008,26.499637,26.054424,25.000246,25
CVE,,,,,,,,28.75,28.75,28.75,28.75,28.75,28.75,28.75,28.75,28.75,28.75,28.75,28.36017,27.053417,24.515167,25.408167,25.54325,30.229083,34.046492,35.50075,37.433,41.580434,57.395232,64.583,78.087968,89.500213,85.679057,72.415035,67.220272,79.434325,82.616969,65.953609,78.811194,70.480032,83.190341,76.972816,72.308457,85.511305,103.029784,96.821635,113.452333,123.964482,123.227377,116.981863,97.666305,88.741969,88.771588,87.895698,80.574357,75.36399,79.274871,83.345152,79.302544,85.877312,83.053117,83.130993,99.444887,99.664718,97.830391,93.456101,98.509023,100.372328
CZK,,,,,,,,,,,,,,,,,,,,,,,,,,,,,,,,,,,,,,,,,30.154628,27.056373,24.971131,28.104565,35.050417,31.841839,35.971629,38.638425,38.055947,32.702948,28.204124,25.675175,23.969953,22.597432,20.304025,17.063634,19.034847,19.112777,17.692581,19.590807,19.565032,20.762861,24.599989,24.436014,23.37175,21.742919,22.934477,23.935752
DJF,,,,,,,,214.392,214.392,214.392,214.392,214.392,214.392,214.392,214.392,214.392,214.392,214.392,213.77875,197.466,179.942333,177.721,177.721,177.721,177.721,177.721,177.721,183.938558,209.475466,196.896535,193.592948,187.399362,166.175824,160.580021,164.856366,195.88785,188.293553,167.372814,196.145235,184.155054,183.828126,167.047827,167.211111,184.003932,196.514395,175.302324,194.805688,180.964661,177.721,177.721,177.721,177.721,177.721,177.721,177.721,177.721,177.721,177.721,177.721205,177.721,177.721,177.721,177.721,177.721,177.724428,177.721283,177.722751,177.721
DKK,6.954081,6.947007,6.945244,6.946253,6.941683,6.920697,6.890827,6.892156,6.903586,6.89984,6.902779,6.91472,6.914001,6.907282,6.984535,7.483538,7.517887,7.497757,7.400931,6.945419,6.042419,6.085155,5.745125,6.042,6.002942,5.510749,5.261431,5.636577,7.128082,8.340414,9.151764,10.353881,10.588243,8.089993,6.839375,6.7322,7.31173,6.188266,6.402715,6.035712,6.486316,6.355975,5.605649,5.798083,6.60472,6.700649,6.98554,8.094242,8.328193,7.88347,6.581777,5.98785,5.999632,5.946089,5.444543,5.096,5.353737,5.629236,5.358524,5.797469,5.617541,5.620225,6.727063,6.729628,6.598243,6.317309,6.670257,6.798325
DOP,,,,,,,,1,1,1,1,1,1,1,1,1,1,1,1,1,1,1,1,1,1,1,1,1.034985,1.178676,1.107897,1.089308,1.054458,2.910406,2.624214,3.566449,6.737345,6.717164,8.028896,14.008241,13.236649,13.111368,12.369799,12.793243,14.261553,15.774001,15.058823,17.574377,16.387527,16.458882,18.310039,26.561675,40.020124,29.466574,33.126875,33.050605,34.443385,35.874035,36.531038,37.860258,39.115489,41.629279,43.350161,44.937976,45.920158,47.342577,49.623861,51.24756,53.924244
EGP,,,,,,,,0.348242,0.348242,0.404489,0.434783,0.434783,0.434783,0.434783,0.434783,0.434783,0.434783,0.434783,0.434783,0.434783,0.397956,0.391304,0.391304,0.391304,0.391304,0.391304,0.700001,0.72449,0.825074,0.775529,0.762517,0.738121,0.654527,0.632486,0.64933,0.771556,0.918224,1.459748,3.463324,3.442006,3.467722,3.181837,3.191603,3.511382,3.747099,3.341891,3.721642,3.62757,4.062769,4.619493,5.888028,6.211448,5.798139,5.744699,5.644352,5.441621,5.553176,5.641278,5.94502,6.069226,6.878615,7.086992,7.713993,10.030927,17.85337,17.81912,16.818146,15.782055
ETB,,,,,,,,2.48447,2.48447,2.48447,2.48447,2.5,2.5,2.5,2.5,2.5,2.5,2.5,2.493475,2.3,2.09875,2.07,2.07,2.07,2.07,2.07,2.07,2.142419,2.439859,2.293346,2.254868,2.182728,1.935528,1.870351,1.92016,2.281598,2.193143,1.94947,2.284596,2.903959,5.171818,5.136795,5.794148,6.576224,7.418832,7.019065,8.705755,8.326683,8.371935,8.404272,8.456539,8.654179,8.688508,8.727221,8.999658,9.631365,11.56426,14.374107,16.903255,17.727529,18.720414,19.675424,20.680254,21.846476,23.94791,27.674462,29.232691,32.805575
EUR,0.954577,0.953594,0.954202,0.956127,0.977349,1.009241,1.050495,1.049738,1.037613,1.035073,1.03503,1.035481,1.036343,1.038029,1.038772,1.056342,1.066723,1.062566,1.03793,0.961163,0.860969,0.884503,0.838941,0.915938,0.890647,0.796781,0.743011,0.74081,0.93657,1.061841,1.161248,1.312188,1.364917,1.032229,0.871883,0.856618,0.916895,0.788742,0.811868,0.769998,0.844983,0.833602,0.751091,0.775139,0.885013,0.898283,0.939475,1.085899,1.117587,1.060945,0.885766,0.804828,0.805097,0.797153,0.730754,0.683499,0.718968,0.755883,0.719219,0.778848,0.753234,0.753941,0.901896,0.90389,0.887036,0.847582,0.893409,0.910534
GBP,0.359008,0.357825,0.358716,0.358967,0.35808,0.357806,0.356025,0.356178,0.356866,0.356158,0.35714,0.358153,0.357678,0.358038,0.364886,0.417759,0.418348,0.417375,0.409168,0.400316,0.408004,0.427508,0.452356,0.556726,0.573031,0.521488,0.472039,0.430262,0.498008,0.572916,0.660119,0.751721,0.778502,0.682021,0.611555,0.562127,0.611399,0.563171,0.567372,0.569824,0.66612,0.653259,0.633752,0.640939,0.610552,0.603558,0.618231,0.661358,0.694637,0.666539,0.612489,0.545943,0.550349,0.543541,0.499667,0.545067,0.64063,0.647786,0.623858,0.631273,0.639738,0.607358,0.654335,0.740907,0.776965,0.749947,0.784206,0.792939
GHC,,,,,,,,0.000071,0.000071,0.000071,0.000071,0.000071,0.000071,0.000071,0.000086,0.000102,0.000102,0.000102,0.000103,0.000133,0.000116,0.000115,0.000115,0.000115,0.000115,0.000176,0.000275,0.000284,0.000324,0.000305,0.000961,0.003793,0.005081,0.008056,0.014253,0.022291,0.028591,0.030716,0.040575,0.045267,0.0671,0.089829,0.112823,0.169329,0.226453,0.22802,0.292276,3865.562736,7305.659336,7907.348655,8528.351715,8951.559571,9041.772431,9161.948002,9361.020818,10807.7407,14316.80219,14326.97148,15458.59677,18491.15444,20606.4605,30246.93347,37882.43644,39754.23271,44064.70114,46943.95177,53318.84325,55912.15108
GHS,,,,,,,,,,,,,,,,,,,,,,,,,,,,,,,,,,,,,,,,,,,,,,,,,,,,,,,,1.118844,1.431734,1.432684,1.545826,1.84942,2.060778,3.024863,3.787017,3.960728,4.407942,4.694444,5.331884,5.590231
GTQ,,,,,,,,1,1,1,1,1,1,1,1,1,1,1,1,1,1,1,1,1,1,1,1,1.034985,1.178676,1.107897,1.089308,1.054458,0.935038,1.694158,2.319033,2.88736,2.983646,4.224565,5.550221,5.357823,5.829014,5.405808,5.466736,6.26338,6.706651,6.307626,8.095604,7.913465,7.899507,7.804571,7.920756,7.952484,7.643822,7.600518,7.66387,7.549472,8.140251,8.063973,7.787687,7.834481,7.860697,7.73687,7.656666,7.603276,7.350697,7.503175,7.700405,7.688157
HKD,,,,,,,,5.7143,5.7143,5.7143,5.7143,5.7143,5.7143,5.7143,5.743158,6.0606,6.0606,6.0606,5.980411,5.641417,5.1465,5.031583,4.935167,4.90475,4.661513,4.683343,5.001785,4.975917,5.590452,6.063448,7.249812,7.963275,8.280363,8.255996,8.230116,8.240287,8.123298,7.802767,7.77921,7.727104,7.721654,7.712324,7.650045,7.629093,7.718157,7.760465,7.759431,7.793413,7.799711,7.799595,7.786947,7.788789,7.777543,7.768648,7.80158,7.786779,7.751388,7.769342,7.784903,7.757122,7.75656,7.754944,7.752421,7.762394,7.792849,7.837712,7.835344,7.762719
HNL,,,,,,,,2,2,2,2,2,2,2,2,2,2,2,2,2.000009,2,2,2,2,2,2,2,2.06997,2.357352,2.215794,2.178617,2.108916,1.870075,1.807102,1.855227,2.204442,2.118979,3.872554,5.867842,5.696958,6.69397,7.903763,8.910901,12.119118,14.378548,13.202853,15.57951,15.168541,15.58557,16.423244,17.338694,18.20151,18.817694,18.913758,18.92,18.92,18.920267,18.92,18.913123,19.318592,20.092378,20.222951,21.680576,22.767621,23.467816,23.893244,24.441887,24.674905
HRK,,,,,,,,,,,,,,,,,,,,,,,,,,,,,,,,,,,,,,,,0.27283,3.702141,5.637796,4.921425,5.626274,6.812043,6.276685,7.795409,8.554079,8.414395,7.833613,6.677208,6.032628,5.955644,5.839016,5.362326,4.935777,5.279301,5.508786,5.350881,5.858031,5.708156,5.75637,6.866489,6.809662,6.620156,6.287317,6.627276,6.85565
HUF,,,,,,,,,,,,,,,,60,60,60,59.821617,55.26,48.966225,46.7524,43.971383,41.575267,40.96075,37.91135,35.578,33.670423,40.44543,40.582871,46.482035,50.658499,46.863525,41.411694,43.5705,55.566506,62.580175,59.52557,82.483158,81.848018,95.092334,98.844965,118.249001,158.043152,206.541489,211.483789,249.08937,282.537342,286.557236,257.815084,224.41342,202.556898,199.759141,210.575782,183.666139,172.260564,201.952847,208.375394,201.191701,225.256934,223.614054,232.768695,279.53253,281.505218,274.276083,270.420204,290.678255,313.988765
IDR,,,,,,,,,,,,,,,149.583333,296.291667,326,362.833333,391.875,415,415,415,415,415,415,442.045417,623.0555,648.929346,744.636381,732.785961,990.469669,1081.81592,1038.434098,1158.858615,1524.855605,1858.018831,1875.359299,1735.511581,2152.505802,2103.410295,2158.824177,2030.987934,2115.632016,2425.102991,3217.037097,9877.343114,8610.281846,8885.537602,10294.47633,9297.136844,8581.202353,8956.475841,9714.386574,9170.360926,9138.883663,9682.61156,10397.46663,9082.873171,8775.764099,9377.96342,10422.33946,11864.43002,13405.43562,13301.22978,13380.77242,14242.18753,14145.22697,14653.32448
ILS,,,,,,,,0.00018,0.00018,0.00029,0.0003,0.0003,0.0003,0.0003,0.000308,0.00035,0.00035,0.00035,0.00042,0.000418,0.00042,0.000445,0.000634,0.000793,0.001045,0.001744,0.002541,0.005304,0.013473,0.026885,0.061235,0.309177,1.102269,1.344341,1.479211,1.762378,2.030424,1.898779,2.515382,2.54811,2.927335,2.830224,2.833213,3.304484,3.814107,3.748358,4.537676,4.160821,4.216135,4.730317,4.563293,4.476612,4.488818,4.453777,4.109344,3.583278,3.925871,3.73327,3.579088,3.857366,3.611067,3.577521,3.886756,3.839145,3.59933,3.595012,3.563617,3.514873
INR,,,,,,,,4.7619,4.7619,4.7619,4.7619,4.7619,4.7619,6.359125,7.5,7.5,7.5,7.5,7.491935,7.594468,7.657977,8.030805,8.414406,8.971947,8.766192,8.196308,8.157099,7.883408,8.683679,9.486197,10.108767,11.352375,12.333949,12.596999,12.946177,13.905844,16.211214,17.498706,22.753474,28.140249,31.276027,31.39378,32.420611,35.511958,36.378048,41.352721,43.130703,45.024184,47.293403,48.557116,46.629871,45.267851,44.051625,45.270618,41.209298,43.485193,48.356773,45.722747,46.677065,53.434264,58.638576,61.02262,64.178069,67.197565,65.128967,68.448351,70.4273,73.898415
IQD,,,,,,,,0.357143,0.357143,0.357143,0.357143,0.357143,0.357143,0.357143,0.357143,0.357143,0.357143,0.357143,0.353724,0.328949,0.299721,0.295683,0.295314,0.295314,0.295314,0.295314,0.295314,0.305645,0.348079,0.330712,0.338619,0.327786,0.290663,0.280875,0.288355,0.342633,0.32935,0.292757,0.343084,0.322111,0.321539,0.292189,0.292474,0.321847,0.343729,0.306627,0.340741,1168.099467,2324.963961,0.310914,0.311575,946.630503,1466.087085,1464.947906,1254.489077,1190.900451,1158.007995,1168.099849,1171.216745,1164.734891,1162.18569,1161.236571,1149.347143,1145.37332,1174.985381,1189.16562,1190.875501,1190.715517
IRR,,,,,,,,75.75,75.75,75.75,75.75,75.75,75.75,75.75,75.75,75.75,75.75,75.75,75.75,75.74997,68.888644,67.651751,67.665356,70.249878,70.644601,70.502878,70.502878,73.114148,92.359751,92.659548,94.107547,94.970089,85.170335,71.191616,66.313624,75.733987,76.32915,64.156255,74.533136,67.952056,1311.856289,1644.37874,1645.211154,1813.374664,1939.05416,1728.7044,1922.204329,1792.327177,1756.934976,3160.419592,8103.45254,8610.307261,8965.535634,9167.092417,9274.73118,9462.009429,9862.732211,10072.08767,10608.7618,11958.43088,15986.58538,25939.20224,29020.14606,30791.01914,33199.75132,40661.14792,42104.88094,42096.90741
JMD,,,,,,,,0.714286,0.714286,0.714286,0.714286,0.714286,0.714286,0.714286,0.724207,0.833334,0.833334,0.833333,0.832802,0.76746,0.902427,0.90909,0.90909,0.90909,0.90909,1.413258,1.764778,1.843743,2.099717,1.97363,2.10478,4.157522,5.197461,4.949503,5.089505,6.049601,6.086388,6.76572,13.371921,23.791586,25.805871,31.098932,33.063917,38.431838,39.148369,36.052576,42.796851,43.702238,46.229872,48.352103,57.520243,61.15156,62.229055,65.425514,68.652325,72.356711,87.528613,86.81441,85.435119,88.20889,99.578083,110.9056,116.884351,125.097719,128.119355,128.720202,133.634174,138.624153
JOD,,,,,,,,0.357143,0.357143,0.357143,0.357143,0.357143,0.357143,0.357143,0.357143,0.357143,0.357143,0.357143,0.357143,0.357143,0.328571,0.322092,0.319792,0.331983,0.329267,0.305625,0.300333,0.308348,0.389474,0.390524,0.395505,0.405402,0.368989,0.316212,0.313959,0.412553,0.608757,0.625066,0.751451,0.70443,0.71666,0.656799,0.658959,0.734065,0.783974,0.699351,0.777158,0.72194,0.709,0.709,0.709,0.709,0.709,0.709,0.709,0.709,0.709,0.709,0.709001,0.709,0.709,0.709,0.709,0.709,0.709001,0.709001,0.709007,0.709
JPY,,,,,,,,360,360,360,360,360,360,360,360,360,359.792502,358.075981,347.499479,302.775913,271.062774,291.35129,296.58973,296.255849,268.10039,210.145392,218.905368,226.238673,220.354266,248.874639,237.371329,237.415294,238.275294,168.438211,144.571673,128.139887,137.982263,144.796384,134.529713,126.675269,111.111153,102.163925,94.03227,108.742601,120.962173,130.791656,113.72292,107.745626,121.449849,125.140467,115.930163,108.157018,110.179007,116.308359,117.774224,103.444399,93.543611,87.711075,79.702131,79.75303,97.617765,105.81779,121.079599,108.654779,112.197108,110.473675,108.977442,108.377901
KES,,,,,,,,7.14286,7.14286,7.14286,7.14286,7.14286,7.14286,7.14286,7.14286,7.14286,7.14286,7.14286,7.14286,7.14286,7.020384,7.134811,7.343193,8.367145,8.276561,7.729383,7.475309,7.679782,10.664069,12.100809,14.500345,15.198828,15.364647,14.660788,15.263406,19.561229,21.796315,21.580505,30.359591,33.383183,59.994465,52.684414,48.388427,59.134036,64.942535,59.545145,77.086822,78.681826,78.825323,78.672824,75.993685,79.201899,75.502298,72.104279,67.284765,69.193924,77.220587,79.279211,88.890043,84.432659,86.141424,87.973625,98.310888,101.449846,103.387067,101.313892,102.031685,103.871713
KHR,,,,,,,,35,35,35,35,35,35,35,35,35,43.558333,55.54,75.821667,162.25,244.916667,244.916667,,,,,,,,,,,,,,,,401.430681,792.80254,1312.437598,2781.403602,2392.393034,2305.898371,2716.851989,3257.805974,3693.457406,4173.888242,3923.743874,3868.526144,3825.443139,3853.989676,3921.78081,4032.024685,4059.652259,4003.876577,4024.393246,4141.29477,4182.105355,4058.643709,4040.271981,4018.855673,4031.976134,4052.709216,4051.716132,4048.430044,4043.950517,4026.183712,4042.694628
KRW,,,,,,,,63.125,124.791667,130,130,213.846667,266.400833,271.3375,270.516667,276.645,288.160833,310.555833,347.1475,392.894167,398.321667,404.4725,484,484,484,484,484,628.683488,697.295734,732.023118,776.392281,808.063879,872.320403,884.442725,826.086314,734.612342,674.300605,711.603948,737.418014,783.323101,804.129863,805.127306,764.285188,794.334304,954.484168,1404.026103,1188.630929,1130.938112,1289.767389,1245.977503,1191.029383,1144.722856,1023.998178,955.011753,929.096176,1101.955893,1276.004245,1156.650834,1108.155264,1127.089744,1095.113793,1053.047067,1132.720611,1160.496416,1130.82345,1100.726341,1166.277471,1206.897206
KWD,,,,,,,,0.357143,0.357143,0.357143,0.357143,0.357143,0.357143,0.357143,0.357143,0.357143,0.357143,0.357143,0.356098,0.328949,0.296572,0.293151,0.290032,0.292387,0.286566,0.275053,0.276366,0.279754,0.328598,0.318976,0.317508,0.312185,0.281216,0.262567,0.258492,0.307552,0.311256,0.271659,0.313739,0.303838,0.312211,0.279042,0.280798,0.309993,0.335427,0.300608,0.333679,0.312604,0.307245,0.303731,0.298328,0.294741,0.292121,0.290231,0.284257,0.268881,0.288242,0.286939,0.276417,0.280136,0.283919,0.284671,0.30105,0.302262,0.303498,0.302349,0.303887,0.307646
KYD,,,,,,,,0.714286,0.714286,0.714286,0.714286,0.714286,0.714286,0.714286,0.726071,0.833333,0.833333,0.827415,0.832755,0.799361,0.815661,0.833333,0.833333,0.833333,0.833333,0.833333,0.833333,0.862487,0.98223,0.923247,0.907756,0.878715,0.779198,0.752959,0.773011,0.918517,0.882907,0.784808,0.919721,0.863499,0.861966,0.783284,0.784049,0.862791,0.921453,0.821989,0.91344,0.848541,0.833333,0.833333,0.833333,0.833333,0.833333,0.833333,0.833333,0.833333,0.833333,0.833333,0.833334,0.833333,0.833333,0.833333,0.833333,0.833333,0.833277,0.833335,0.833342,0.833333
LAK,,,,,,,,80.000155,80.000155,80.000155,80.000155,240.000464,240.000464,240.000464,240.000464,240.000464,240.000464,240.000464,240.000464,510.000986,600.00116,600.00116,724.999981,429.166989,199.999995,333.333324,367.49999,10.349849,25.537978,38.776388,38.125787,36.906035,51.427069,85.837361,173.927492,441.301792,626.688088,666.539723,774.867891,742.007762,740.862877,674.566619,757.103037,953.582348,1393.217703,3253.444998,7784.757379,7866.765602,7678.145961,7907.316716,10574.73552,10595.54846,10439.60412,10065.12393,9599.2548,8747.164927,8511.527288,8270.604982,8024.364405,7982.413851,7841.217999,8044.695902,8123.935815,8123.96897,8242.409041,8413.985857,8702.725197,8930.713282
LBP,,,,,,,,3.16935,3.078617,3.009042,3.097292,3.073658,3.07185,3.13075,3.204517,3.156825,3.254583,3.268983,3.227733,3.050717,2.6104,2.327758,2.301983,2.871592,3.068958,2.955375,3.24275,3.55632,5.084661,5.255346,4.932569,6.865674,15.350536,34.669184,208.33855,451.061972,526.237012,654.616112,1024.456315,1774.799201,1801.20277,1579.175224,1525.527792,1626.999096,1702.241632,1495.498026,1652.796351,1539.765424,1523.135174,1513.046967,1511.030251,1515.540922,1510.017442,1507.487684,1507.303356,1504.347625,1504.613852,1506.095466,1507.286871,1507.5,1507.5,1507.5,1507.5,1507.5,1507.506909,1507.502402,1507.514851,1507.5
LKR,,,,,,,,4.7619,4.7619,4.7619,4.7619,4.7619,4.7619,4.7619,4.861106,5.95237,5.95237,5.95237,5.934949,5.970317,6.375285,6.681095,6.986852,8.419146,8.931554,15.671802,15.571512,16.175414,18.984781,20.760289,23.530308,25.449696,27.189196,28.030451,29.470541,31.831642,36.060144,40.08219,41.345778,43.720355,48.106086,49.172078,51.054877,55.291515,59.0316,65.012546,70.87409,77.04274,89.688564,95.622762,96.447207,101.28218,100.454971,103.908212,110.640011,108.320036,114.935641,113.16712,110.513015,127.660938,129.174815,130.576809,135.970021,146.102222,152.536246,162.480639,178.719675,185.302152
MAD,,,,,,,,5.06049,5.06049,5.06049,5.06049,5.06049,5.06049,5.06049,5.06049,5.06049,5.06049,5.06049,5.049959,4.59248,4.106921,4.369767,4.052487,4.419313,4.503346,4.166671,3.899134,4.074369,6.096461,6.672888,7.746423,9.290342,9.408811,8.226329,7.754128,9.048299,8.993128,7.762414,9.609153,8.846973,9.618246,8.650039,8.035192,9.024006,10.534566,9.473705,10.746938,10.947572,11.325331,11.012111,9.581143,8.868966,8.86902,8.797046,8.193646,7.738276,8.079721,8.426178,8.093164,8.638564,8.409144,8.410976,9.753485,9.804204,9.704664,9.389284,9.61438,9.778781
MGA,,,,,,,,,,,,,,,,,,,,,,,,,,,,,,,,,,,,,,,,,,,,,,,,,,,,,,,1781.209071,1699.830208,1962.899568,2096.318724,2021.182465,2181.522231,2206.443896,2464.314015,3080.300711,3176.028839,3120.336181,3337.006526,3632.645227,3709.185089
MKD,,,,,,,,,,,,,,,,,,,,,,,,,,,,,,,,,,,,,,,,,,40.664979,35.641544,41.394517,55.291256,53.720542,62.371919,71.894114,70.460838,65.104223,54.354485,49.387801,49.404285,48.916823,44.842258,41.942519,44.119052,46.384296,44.134453,47.793526,46.221769,46.265109,55.344324,55.466667,54.441066,52.011369,54.823485,55.874355
MNT,,,,,,,,,,,,,,,,,,,,,,,,,,,,,,,,,,,,,,,8.842232,37.130612,305.148137,387.935111,422.083022,567.790919,873.531535,829.385165,1120.10174,1097.264437,1096.532685,1103.01982,1123.53005,1181.29359,1198.259271,1181.152531,1169.045794,1164.692014,1432.635209,1351.994721,1257.312673,1354.227322,1518.046222,1809.943403,1967.03943,2138.833897,2439.101318,2469.433929,2663.577159,2771.06956
MUR,,,,,,,,4.7619,4.7619,4.7619,4.7619,4.7619,4.7619,4.7619,4.828038,5.55555,5.55555,5.55555,5.485759,5.338526,5.442266,5.703075,6.026797,6.681525,6.607308,6.163275,6.308108,7.953126,10.533287,12.045664,12.75166,14.551874,14.439303,12.167544,11.946005,14.811345,16.156969,13.99801,17.274974,16.126645,18.254474,16.881743,16.358142,18.582581,23.283992,23.666124,27.606972,27.048846,29.26026,29.911271,28.095205,27.437149,29.397905,31.636122,31.20971,28.374944,31.721207,30.573138,28.547166,30.024869,30.907459,30.847598,35.108045,35.565288,34.572209,34.128824,35.5818,38.441066
MWK,,,,,,,,0.714285,0.714285,0.714285,0.714285,0.714285,0.714285,0.714285,0.724206,0.833333,0.833333,0.833333,0.830894,0.801558,0.819262,0.841203,0.863833,0.913011,0.902928,0.843745,0.816878,0.840507,1.055267,1.169395,1.279679,1.49035,1.60742,1.681575,2.048859,2.82312,2.923687,2.569987,3.09393,3.733725,4.554073,8.211733,14.379907,15.849664,18.183091,30.649803,48.326426,53.526179,71.247028,75.703965,95.212504,108.367821,117.893595,135.803052,139.944309,140.89802,140.895665,150.563541,155.504704,244.940589,368.013678,419.609291,488.385337,711.162679,725.87416,726.843589,732.779006,728.48004
MXN,,,,,,,,0.0125,0.0125,0.0125,0.0125,0.0125,0.0125,0.0125,0.0125,0.0125,0.0125,0.0125,0.0125,0.0125,0.0125,0.0125,0.0125,0.015426,0.022573,0.022767,0.022805,0.023754,0.028895,0.062487,0.130819,0.176967,0.240185,0.552768,1.27842,2.505464,2.607905,2.64883,3.331349,3.206943,3.190465,3.389476,6.442337,7.603726,7.920781,9.15797,9.556318,9.466333,9.368299,9.689736,10.859933,11.284339,10.890895,10.898402,10.925657,11.147654,13.502486,12.628245,12.438509,13.162566,12.769587,13.302101,15.883624,18.685217,18.911494,19.240696,19.257458,21.524234
MYR,,,,,,,,3.06122,3.06122,3.06122,3.06122,3.06122,3.06122,3.06122,3.06122,3.06122,3.06122,3.06122,3.031706,2.808297,2.450057,2.406711,2.404318,2.542319,2.461814,2.316253,2.188205,2.175828,2.3042,2.33569,2.320849,2.343856,2.480494,2.582019,2.518586,2.619206,2.708056,2.70447,2.749874,2.546898,2.573706,2.623294,2.507724,2.515556,2.821746,3.923134,3.800248,3.800002,3.8,3.8,3.8,3.8,3.786871,3.668316,3.4369,3.333984,3.523205,3.217862,3.059202,3.088957,3.150645,3.272003,3.911086,4.14411,4.300317,4.036542,4.142847,4.247029
MZM,,,,,,,,0.02875,0.02875,0.02875,0.02875,0.02875,0.02875,0.02875,0.02875,0.02875,0.02875,0.02875,0.028312,0.027053,0.024515,0.025408,0.025553,0.030229,0.030407,0.03,0.03,0.033534,0.041666,0.041845,0.043772,0.044754,0.040376,0.03653,0.269686,0.578274,0.789233,0.874991,1.583178,2.607661,4.007369,5.675936,8.490661,11.693016,12.764278,11.712977,14.00321,9658.917017,20646.34573,23105.63412,23237.07956,22078.32757,22838.85475,26425.13964,25628.17183,24065.53699,27358.00747,34179.63861,28804.73455,28073.31144,29916.87857,31182.34097,39017.71374,63497.25619,63587.74596,60368.49866,62510.14385,65944.17961
MZN,,,,,,,,,,,,,,,,,,,,,,,,,,,,,,,,,,,,,,,,,,,,,,,,,,,,,,,,24.102707,27.36453,34.174371,28.803251,28.07253,29.916772,31.181564,39.010615,62.61966,63.593523,60.368499,62.510144,65.94418
NGN,,,,,,,,0.714286,0.714286,0.714286,0.714286,0.714286,0.714286,0.714286,0.714286,0.714286,0.714286,0.714286,0.712856,0.657895,0.657895,0.630282,0.615502,0.626601,0.644701,0.635272,0.604007,0.56591,0.728078,0.746126,0.789106,0.808271,0.835712,1.585301,3.72533,5.000741,7.80286,7.570239,10.936803,17.924682,22.823646,20.675013,20.600438,22.6581,24.200426,21.588145,101.214753,107.190916,115.77807,121.635743,132.221175,134.385241,132.180347,128.432155,125.666028,118.806205,149.455236,151.170644,155.883482,158.765348,159.294324,165.212232,198.037129,258.428162,333.365252,360.931044,357.907011,370.776539
NIO,,,,,,,,,,,,,,,,,,,,,,,,,,,,,,,,,,,,0.000059,0.003317,0.132717,4.713583,5.181016,5.813546,6.319128,7.099368,8.733718,10.447186,10.437903,12.944498,12.612102,13.368286,14.211567,14.90628,15.820602,16.449145,17.404299,18.431523,19.450945,20.172452,21.383512,22.423931,23.53398,24.798124,26.127163,27.264157,28.622987,30.036532,31.636707,33.259146,34.04446
NOK,7.192182,7.161539,7.177611,7.176262,7.156463,7.157956,7.126893,7.13245,7.141853,7.136968,7.148483,7.156578,7.149554,7.14987,7.149816,7.142456,7.14351,7.143521,7.018262,6.586232,5.75016,5.522578,5.226855,5.454958,5.322522,5.24055,5.063458,4.938532,5.737481,6.457689,7.298641,8.158849,8.587464,7.393353,6.737132,6.518257,6.905254,6.259765,6.490259,6.215522,7.098523,7.055254,6.338328,6.456848,7.079065,7.551993,7.802537,8.806911,8.99161,7.976914,7.080856,6.736268,6.44372,6.413864,5.860918,5.638257,6.281196,6.047533,5.604913,5.821331,5.877193,6.30258,8.071579,8.396489,8.265704,8.134544,8.802308,9.770795
NZD,,,,,,,,0.714288,0.715514,0.719194,0.719194,0.719194,0.719194,0.719194,0.733666,0.892857,0.892857,0.892857,0.879529,0.837885,0.738945,0.716269,0.836811,1.010064,1.031969,0.965269,0.979545,1.02727,1.154891,1.33401,1.499654,1.764989,2.023275,1.911433,1.69131,1.528497,1.673712,1.679918,1.731759,1.858389,1.847242,1.681735,1.507586,1.435092,1.50985,1.87222,1.891033,2.20606,2.379691,2.160657,1.722023,1.50799,1.420438,1.542949,1.36083,1.424612,1.596498,1.387387,1.265507,1.235474,1.220332,1.205764,1.436308,1.435329,1.407467,1.446533,1.518862,1.604767
OMR,,,,,,,,0.357143,0.357143,0.357143,0.357143,0.357143,0.357143,0.357143,0.362103,0.416667,0.416667,0.416667,0.415447,0.383773,0.350676,0.3454,0.3454,0.3454,0.3454,0.3454,0.3454,0.357484,0.407115,0.382668,0.376247,0.364207,0.322957,0.34514,0.356667,0.423804,0.407374,0.362112,0.424361,0.39842,0.397713,0.361409,0.361762,0.398093,0.42516,0.379267,0.421463,0.391516,0.384497,0.384497,0.384497,0.384497,0.384497,0.384497,0.384497,0.384497,0.384497,0.384497,0.384498,0.384497,0.384497,0.384497,0.384497,0.384497,0.384498,0.384498,0.384501,0.384497
PEN,,,,,,,,,,,,,,,,,,,,,,,,0,0,0,0,0,0.000001,0.000001,0.000002,0.000004,0.00001,0.000013,0.000016,0.000142,0.002825,0.176946,0.852585,1.290936,2.056645,2.063178,2.120078,2.540066,2.945893,2.890124,3.70858,3.560605,3.535514,3.512709,3.480785,3.415153,3.29545,3.2744,3.128461,2.925879,3.020691,2.83255,2.754628,2.638898,2.704569,2.839275,3.182323,3.372552,3.263781,3.287392,3.337737,3.406553
PHP,,,,,,,,2.014998,2.019998,3.727852,3.910423,3.910007,3.909173,3.9,3.9,3.9,3.9,5.90435,6.431708,6.674842,6.756283,6.787875,7.2479,7.440258,7.402825,7.365758,7.37755,7.77422,9.311127,9.461439,12.105174,17.60809,17.398565,18.419508,19.078849,23.250998,23.02979,22.894969,30.327328,26.436123,28.051776,24.830663,24.19379,27.142912,32.587081,40.33652,42.846688,46.434454,51.194463,51.583277,54.319378,56.084992,55.055965,51.287699,46.066112,44.460574,47.575771,45.078946,43.303485,42.221429,42.474315,44.401262,45.541434,47.500227,50.414075,52.697618,51.793716,50.744106
PKR,,,,,,,,4.7619,4.7619,4.7619,4.7619,4.7619,4.7619,4.7619,4.7619,4.7619,4.7619,4.7619,4.7619,8.681383,9.99425,9.9,9.9,9.9,9.9,9.9,9.9,10.246351,11.668892,13.125771,14.288429,14.811271,14.893646,15.041876,16.139359,19.843609,21.763497,20.443417,26.268179,25.990867,29.073046,28.730891,29.77143,37.354165,45.45893,44.433609,54.259296,55.696346,62.379555,59.494475,57.814434,58.361262,59.604985,60.263895,60.674821,70.619784,81.59806,85.237963,86.359025,93.386074,101.611681,101.048275,102.749854,104.712966,105.313856,121.483102,149.966768,158.487416
PLN,,,,,,,,0.0004,0.0004,0.0004,0.0004,0.0004,0.0004,0.0004,0.0004,0.0004,0.0004,0.0004,0.000389,0.000368,0.000335,0.000332,0.000332,0.000332,0.000332,0.000581,0.00332,0.004576,0.006029,0.009398,0.009973,0.011941,0.013758,0.015838,0.024589,0.047456,0.15248,0.894684,1.167247,1.411975,1.873746,2.135813,2.281577,2.791415,3.626066,3.428102,4.164887,4.34867,4.099021,4.081305,3.891311,3.646685,3.237523,3.105172,2.767249,2.407531,3.116989,3.020554,2.966233,3.259642,3.161759,3.155146,3.773096,3.94441,3.777125,3.613292,3.83967,4.012766
PYG,,,,,,,,123.166667,126,126,126,126,126,126,126,126,126,126,126,126,126,126,126,126,126,126,126,130.408102,148.513168,139.595002,137.252837,211.946094,286.744875,306.454446,510.187324,606.221648,1119.050586,1158.20011,1462.564333,1554.572362,1804.287759,1790.368942,1846.932077,2129.525689,2408.164095,2689.384109,3418.916316,3572.840692,4147.502542,5695.427679,6448.608713,6014.871121,6171.124182,5639.561964,5023.230469,4323.979533,4958.812041,4747.075102,4182.097615,4414.40703,4313.24236,4464.215868,5206.287085,5672.141103,5623.32098,5731.984418,6235.774402,6544.215343
QAR,,,,,,,,,,,,,,4.7619,4.7619,4.7619,4.7619,4.7619,4.747963,4.385978,3.996294,3.9474,3.930717,3.963433,3.959017,3.8769,3.773325,3.784905,4.29038,4.032744,3.965082,3.838228,3.403537,3.288926,3.376513,4.012085,3.856542,3.428053,4.017357,3.771779,3.765083,3.421397,3.424741,3.768684,4.024918,3.590462,3.989921,3.706435,3.64,3.64,3.64,3.64,3.64,3.64,3.64,3.64,3.64,3.64,3.640004,3.64,3.64,3.64,3.64,3.64,3.640082,3.640006,3.640036,3.64
ROL,,,,,,,,0.0006,0.0006,0.0006,0.0006,0.0006,0.0006,0.0006,0.0006,0.0006,0.0006,0.0006,0.0006,0.000553,0.001879,0.002,0.002,0.002,0.002,0.001836,0.0018,0.001863,0.001768,0.001662,0.001871,0.002244,0.001603,0.00146,0.00135,0.001574,0.001581,0.002113,0.008431,0.03191,0.078617,0.155569,0.191303,0.319325,0.792593,0.875478,8482.071883,21669.48055,29062.23571,33052.00485,33204.88287,32615.92852,29289.87279,28118.14313,24362.69279,25189.30213,30448.58989,31819.86438,30491.44294,34726.58562,33275.88714,33496.95906,40092.75253,40512.91456,40506.85854,39446.43138,42396.33018,43825.67166
RON,,,,,,,,,,,,,,,,,,,,,,,,,,,,,,,,,,,,,,,,,,,,,,,,,,,,,,2.544854,2.465054,2.518053,3.048365,3.18467,3.050186,3.474055,3.328229,3.349944,4.009163,4.059129,4.05124,3.94465,4.239632,4.383478
RSD,,,,,,,,,,,,,,,,,,,,,,,,,,,,,,,,,,,,,,,,,,,,,,,,,,,,,,,,56.053863,67.542767,77.808644,73.11477,87.797466,85.166112,88.474193,108.849938,111.284784,107.730632,100.22713,105.261367,107.045097
RUB,,,,,,,,,,,,,,,,,,,,,,,,,,,,,,,,,,,,,,,,,1.025744,2.059183,4.289536,5.301869,6.39656,9.573003,26.986662,28.569991,29.244429,31.327204,30.756156,28.788203,28.22143,27.185838,25.576698,24.864452,31.744176,30.386309,29.413215,31.10157,31.872508,38.565863,61.339214,66.982709,58.362768,62.806241,64.717979,69.616389
RWF,,,,,,,,50,50,50,50,50,50,87.5,100,100,100,100,99.707333,92.105,83.922,92.978506,92.277267,97.012347,95.935093,89.487907,86.690707,89.074819,102.733754,103.100844,104.675915,105.691392,94.667578,79.142877,73.708757,84.262315,84.91701,78.830247,138.139954,138.787578,149.193517,132.253769,246.677587,317.666942,333.415575,308.063685,366.044454,425.117151,458.548816,466.399502,523.947401,560.064215,546.655327,549.392311,546.220436,544.905623,566.044777,582.150605,594.775593,607.549659,649.72926,683.6595,712.593814,781.252322,835.111429,863.947168,909.71582,940.765886
SAR,,,,,,,,4.5,4.5,4.5,4.5,4.5,4.5,4.5,4.5,4.5,4.5,4.5,4.486829,4.144753,3.706589,3.55,3.516562,3.53,3.53,3.494138,3.296042,3.364684,3.38281,3.427433,3.454896,3.52406,3.6228,3.703516,3.744674,3.745196,3.745255,3.747935,3.750875,3.75012,3.750585,3.748369,3.750084,3.749891,3.750303,3.750412,3.750767,3.749952,3.75,3.75,3.75,3.75,3.75,3.75,3.75,3.75,3.75,3.75,3.750004,3.75,3.75,3.75,3.75,3.75,3.749983,3.750006,3.750037,3.75
SCR,,,,,,,,4.761895,4.761895,4.761895,4.761895,4.761895,4.761895,4.761895,4.828033,5.555546,5.555546,5.555546,5.485763,5.338533,5.442283,5.703092,6.0268,7.418883,7.643383,6.952467,6.33265,6.615572,7.44325,7.25954,7.372048,7.44328,6.67087,5.581047,5.194642,5.933881,5.981578,5.026148,5.837648,5.307415,5.359589,4.752225,4.480366,5.145686,5.55786,5.190576,5.856177,5.897615,5.907061,5.62407,5.416108,5.280016,5.346857,5.400709,6.664997,8.887202,13.617537,12.187235,12.481786,13.674715,12.093042,12.680943,13.19202,13.247645,13.584436,13.670381,13.687984,14.887621
SDD,,,,,,,,,,,,,,,,,,,,,,,,,,,,,,,,,,,,,,,,,,,,,,,,256.94348,256.786814,258.828877,259.255528,259.167507,246.934008,219.119449,201.817925,208.721331,231.505297,231.430127,266.503803,353.546902,440.639229,558.163633,595.205408,617.443276,663.565248,2244.221194,4589.851397,5267.6308
SDG,,,,,,,,,,,,,,,,,,,,,,,,,,,,,,,,,,,,,,,,,,,,,,,,,,,,,,,,2.108353,2.315124,2.314298,2.665145,3.53564,4.406337,5.581716,5.951999,6.176261,6.635234,22.442212,45.898514,52.676308
SEK,5.190524,5.19843,5.194291,5.197132,5.182934,5.18147,5.174048,5.167307,5.166555,5.154846,5.188137,5.150532,5.157672,5.165356,5.161481,5.167328,5.169663,5.18505,5.103284,4.755643,4.363485,4.433586,4.15278,4.354855,4.483021,4.516752,4.286656,4.230034,5.066206,6.287382,7.66997,8.272181,8.598684,7.121232,6.340337,6.129102,6.44666,5.919825,6.050667,5.826792,7.791502,7.713281,7.137224,6.70741,7.635969,7.951585,8.271579,9.171332,10.343839,9.719466,8.0839,7.344844,7.478037,7.379074,6.758491,6.587437,7.644673,7.206075,6.494072,6.777225,6.514909,6.863611,8.434721,8.561069,8.544131,8.697642,9.461526,9.727487
SGD,,,,,,,,3.06122,3.06122,3.06122,3.06122,3.06122,3.06122,3.06122,3.06122,3.06122,3.06122,3.06122,3.050702,2.8125,2.457367,2.436867,2.3713,2.470842,2.4394,2.274025,2.174558,2.216118,2.113409,2.14114,2.114005,2.133241,2.200485,2.177653,2.105332,2.013104,1.951114,1.816086,1.72953,1.626669,1.612883,1.523813,1.401712,1.390658,1.481574,1.67518,1.694701,1.727227,1.791885,1.790322,1.742415,1.690206,1.66489,1.588995,1.506907,1.415133,1.453583,1.362362,1.257321,1.249759,1.251321,1.266973,1.375221,1.380625,1.381067,1.349319,1.364375,1.399609
SYP,,,,,,,,3.58,3.58,3.69,3.82,3.82,3.82,3.82,3.82,3.82,3.82,3.82,3.82,3.82,3.82325,3.732917,3.7,3.852667,3.925,3.925,3.925,4.062316,4.626303,4.348495,4.275535,4.138748,3.670023,3.546438,3.640882,12.372433,11.892771,10.5714,12.388689,11.63138,11.610731,10.550874,10.561187,11.621835,12.412006,11.072235,12.304083,33.785342,48.613919,49.492516,48.120481,50.698675,52.216033,52.27397,52.098589,50.267714,46.138046,46.440535,47.943248,62.742025,93.709929,151.112332,188.363317,208.892271,354.894591,515.098007,514.998533,514.150074
THB,,,,,,,,21.181774,21.05844,20.880105,20.830079,20.8,20.8,20.8,20.8,20.8,20.8,20.8,20.8,20.80003,20.491588,20.375103,20.37927,20.400103,20.400103,20.336103,20.418936,21.192717,21.837612,23.016759,22.991987,23.646538,27.199687,26.313664,25.761801,25.312751,25.720741,25.608798,25.514169,25.403306,25.329837,25.159892,24.924134,25.358047,31.129016,41.27148,37.889932,40.291936,44.610401,42.957,41.528408,40.224846,40.280133,37.933539,32.302477,33.028459,34.315813,31.699086,30.492251,31.085722,30.730604,32.481254,34.280512,35.278032,33.938363,32.335864,31.042587,31.691622
TND,,,,,,,,0.42,0.42,0.42,0.42,0.44625,0.525,0.525,0.525,0.525,0.525,0.525,0.522917,0.477083,0.421596,0.436508,0.402267,0.428775,0.42895,0.416171,0.406463,0.419121,0.582035,0.654421,0.739386,0.819138,0.780285,0.717446,0.768678,0.94549,1.005796,0.82719,1.020476,0.916453,1.038234,0.950804,0.889821,1.007821,1.222854,1.123228,1.300259,1.421901,1.441558,1.415684,1.284434,1.250024,1.297073,1.329387,1.278631,1.23113,1.348736,1.433462,1.407096,1.561956,1.624871,1.697824,1.962548,2.147758,2.404391,2.634435,2.923745,2.860996
TRL,,,,,,,,9,9,9,9,9,9,9,9,9,9,11.3,14.9,14.2,14.2,13.9,14.4,16.1,18,24.3,31.1,78.678289,131.093497,180.113278,245.560961,386.625917,488.122224,609.49475,795.156101,1567.781844,2247.927438,2456.719638,4604.27603,7121.196637,11362.1108,27830.49423,43133.95253,84282.80908,167924.1869,257175.9281,459992.9411,624251.8101,1234903.395,1515553.024,1501683.003,1429326.922,1348301.758,1439014.095,1306543.914,1304638.103,1554562.894,1507590.284,1681386.02,1800784.838,1905498.184,2188479.479,2727803.634,3003886.902,3648492.584,4854948.225,5680508.644,6440156.537
TRY,,,,,,,,,,,,,,,,,,,,,,,,,,,,,,,,,,,,,,,,,,,,,,,0.470593,0.624252,1.234903,1.515553,1.501683,1.429327,1.348302,1.439014,1.306628,1.30454,1.554584,1.50762,1.681478,1.801055,1.906482,2.18954,2.728672,3.023956,3.648089,4.854929,5.680638,6.436837
TTD,,,,,,,,1.71429,1.71429,1.71429,1.71429,1.71429,1.71429,1.71429,1.738099,2,2,2,1.974876,1.921281,1.959221,2.053231,2.169798,2.435786,2.4,2.4,2.4,2.483964,2.828822,2.658952,2.61434,2.5307,2.290842,3.252784,3.339408,4.236663,4.502831,4.002535,4.690595,4.403863,5.534979,5.569103,5.596061,6.217362,6.912772,6.212591,6.904426,6.385586,6.2505,6.2505,6.2505,6.2505,6.2505,6.2505,6.2505,6.2505,6.2505,6.2505,6.250507,6.2505,6.2505,6.2505,6.2505,6.2505,6.252339,6.565219,6.77375,6.756294
TWD,,,,,,,,,,,,,,,,,,,,,,,,,,,,,,,39.27595,39.640957,39.906414,37.873853,31.868075,28.638723,26.427333,26.901123,26.888401,25.159916,26.391685,26.464734,26.498293,27.468527,28.793354,33.534591,32.318017,31.312884,34.011001,34.478453,34.40324,33.378944,32.147393,32.53532,32.903396,31.556013,33.049139,31.539604,29.411462,29.579689,29.690933,30.310149,31.772584,32.244703,30.434794,30.150969,30.911528,30.056179
TZS,,,,,,,,7.14286,7.14286,7.14286,7.14286,7.14286,7.14286,7.14286,7.14286,7.14286,7.14286,7.14286,7.14286,7.1429,7.020384,7.134841,7.366792,8.376775,8.289208,7.71205,8.216625,8.483349,9.763572,10.284154,12.137926,16.125038,16.337289,29.544332,59.608756,109.441865,151.906354,183.698368,241.877341,308.486044,419.200673,479.024597,540.772049,600.480458,676.852384,655.625433,816.354308,818.487177,884.678256,962.078299,1038.736632,1086.967346,1122.893724,1248.758282,1237.091045,1195.696419,1320.816664,1442.711227,1586.153346,1581.395508,1615.317214,1663.163753,2045.340823,2184.036297,2238.881009,2275.134236,2307.270828,2309.369583
UAH,,,,,,,,,,,,,,,,,,,,,,,,,,,,,,,,,,,,,,,,,0.046882,0.307845,1.385962,1.894145,2.058522,2.416205,4.52751,5.558854,5.377751,5.340826,5.362442,5.32167,5.106523,5.038101,5.031189,5.206301,8.047829,7.95768,7.98534,8.081384,8.155338,11.931982,21.83574,25.56318,26.593658,27.236887,25.823662,25.893898
UGX,,,,,,,,0.07143,0.07143,0.07143,0.07143,0.07143,0.07143,0.07143,0.07143,0.07143,0.07143,0.07143,0.07143,0.07143,0.070214,0.071359,0.074219,0.082662,0.08259,0.077357,0.074828,0.076765,0.589955,1.04194,1.676037,3.792912,6.28364,12.649717,39.740129,116.985163,236.363239,403.883686,810.104306,1174.882671,1236.081775,920.624061,911.617829,1083.06676,1197.533171,1223.426016,1594.682717,1728.497838,1786.290668,1782.970741,1955.683275,1825.612971,1774.886926,1829.083735,1717.664323,1719.356125,2023.000269,2182.444146,2526.036434,2501.05637,2586.213173,2597.159608,3248.478487,3417.46579,3611.026448,3727.434728,3704.475835,3740.940216
USD,1,1,1,1,1,1,1,1,1,1,1,1,1,1,1,1,1,1,1,1,1,1,1,1,1,1,1,1,1,1,1,1,1,1,1,1,1,1,1,1,1,1,1,1,1,1,1,1,1,1,1,1,1,1,1,1,1,1,1,1,1,1,1,1,1,1,1,1
UYP,,,,,,,,0.000011,0.000011,0.000011,0.000015,0.000016,0.000029,0.000054,0.000105,0.000232,0.000248,0.000248,0.000248,0.000531,0.000857,0.001098,0.002236,0.003302,0.004647,0.006023,0.007838,0.00939,0.012722,0.015348,0.037446,0.058937,0.094585,0.136829,0.209197,0.395155,0.658132,1.101388,2.226833,3.134319,4.076522,4.741,5.973539,8.25366,10.440275,10.3294,12.42937,11.929155,12.800663,20.918312,27.967407,28.73459,24.434374,23.998545,23.400268,20.745465,22.482299,20.007459,19.194315,20.165528,20.364065,23.201014,27.312356,30.117798,28.640225,30.730903,35.239858,41.096965
UYU,,,,,,,,,,,,,,,,,,,,,,,,,,,,,,,,,,,,,,,,,,,,,,,,,,,27.64063,28.734611,24.949216,24.098243,29.137185,22.982222,22.48226,20.007474,19.194603,20.165473,20.364057,23.201109,27.312342,30.118243,28.640449,30.731614,35.239858,41.081253
VEF,,,,,,,,,,,,,,,,,,,,,,,,,,,,,,,,,,,,,,,,,,,,,,,,0.691657,0.725204,1.163868,1.639417,1.886238,2.109226,2.15,2.15,2.15,2.15,4.258333,4.300005,4.3,6.064706,6.3,6.3,6.3,9.492157,3966035.2,1301049433,10727813583
VND,,,,,,,,,,,,,,,,,,,,,,,,,,,,,,,1.091237,1.164426,,20.550761,72.624144,668.517272,4729.504381,6105.321043,11077.5685,11607.74592,11006.6195,10307.11504,10385.48087,11422.61589,12918.80632,13087.43049,15283.55217,14505.6168,14955.96709,15264.74398,15527.09164,15753.96593,15859.08523,15990.13504,16079.3788,16433.28735,17711.0931,19108.90465,20621.84726,20846.77047,21009.76369,21182.12023,21914.55987,22360.37421,22711.50049,23030.80177,23227.82567,23309.10212
XCD,,,,,,,,1.71429,1.71429,1.71429,1.71429,1.71429,1.71429,1.71429,1.761908,2,2,2,1.974873,1.921278,1.959219,2.053232,2.169796,2.614671,2.7,2.7,2.7,2.794459,3.182425,2.991322,2.941132,2.847037,2.524602,2.439588,2.504556,2.975997,2.860622,2.542787,2.979907,2.797748,2.792782,2.537849,2.54033,2.795453,2.985516,2.663255,2.7,2.7,2.7,2.7,2.7,2.7,2.7,2.7,2.7,2.7,2.7,2.7,2.7,2.7,2.7,2.7,2.7,2.7,2.699987,2.700004,2.700027,2.7
XOF,,,,,,,,245.195101,245.260102,245.013851,245.016351,245.027184,245.060934,245.678437,246.000938,247.564694,259.960574,276.403137,275.356457,252.027627,222.889183,240.704668,214.3129,238.950494,245.679687,225.65586,212.721644,218.671157,320.283324,364.06183,415.09837,460.75253,420.077779,312.905112,278.781717,328.294614,337.985979,256.411588,311.352771,274.274469,292.893053,521.861446,469.630279,529.637234,645.390435,581.922885,674.887565,737.452091,733.089012,695.933974,581.024253,527.932702,528.108911,522.898173,479.342961,448.346093,471.612217,495.826629,471.776846,510.890644,494.089294,494.552581,591.605175,592.912968,581.857223,555.977432,586.037649,597.122592
XPF,,,,,,,,89.765,89.765,89.765,89.765,89.765,89.765,89.765,89.765,89.765,94.44,100.985,100.689451,91.645969,81.050222,87.528549,77.931589,86.890671,89.337638,82.056282,77.352953,79.516402,116.466103,132.385483,150.944136,167.545568,152.754821,113.783129,101.374682,119.379285,122.903401,93.240129,113.218645,99.735691,106.506052,94.883771,85.387208,96.297549,117.343557,105.804018,117.267608,129.582123,133.363556,126.604311,105.699934,96.041519,96.073575,95.125638,87.202073,81.563123,85.795696,90.200782,85.825646,92.941228,89.884726,89.969007,107.624816,107.862729,105.851472,101.143417,106.611971,108.655537
YER,,,,,,,,,,,,,,,,,,,,,,,,,,,,,,,,,,,,,,11.31075,13.255137,12.444863,12.42277,11.288788,38.424061,97.485367,142.951844,134.032399,170.687859,176.417513,174.295438,173.685751,177.890482,182.286736,181.571377,195.734456,197.72888,199.330252,201.601441,216.121549,214.463582,215.455097,214.680157,214.831747,214.912885,240.452098,250.177914,250.190487,250.304592,250.295526
ZAR,,,,,,,,0.714286,0.714286,0.714286,0.714286,0.714286,0.714286,0.714286,0.714286,0.714286,0.714286,0.714286,0.712808,0.773476,0.697088,0.680739,0.742269,0.87073,0.869687,0.869502,0.84275,0.779167,0.879096,1.08778,1.115397,1.47899,2.245914,2.293069,2.038204,2.276542,2.623642,2.588071,2.762301,2.85293,3.27122,3.552533,3.627926,4.299811,4.609731,5.538968,6.116627,6.942206,8.597916,10.513303,7.563496,6.446374,6.373563,6.783033,7.055041,8.260564,8.418124,7.320632,7.266738,8.216184,9.658115,10.851273,12.783734,14.692312,13.319712,13.254854,14.453477,16.546822
ZMK,,,,,,,,0.714286,0.714286,0.714286,0.714286,0.714286,0.714286,0.714286,0.714286,0.714286,0.714286,0.714286,0.714286,0.714318,0.652397,0.64346,0.64323,0.700984,0.789728,0.800667,0.793333,0.816258,1.024957,1.028959,1.371439,1.911931,2.935683,7.037263,8.830392,9.110988,14.635467,28.52546,71.34087,178.448459,468.321202,629.171049,813.01774,1250.60263,1453.501165,1836.727524,2617.584397,3035.384266,3022.276229,4416.548572,4777.206295,4755.452471,4402.749924,3559.320366,3971.895387,3743.758658,5036.052417,4807.216726,4868.845937,5144.476481,5392.945828,6160.640695,8720.052205,10436.30101,9553.717659,10469.18615,12918.91564,16543.24
ZMW,,,,,,,,,,,,,,,,,,,,,,,,,,,,,,,,,,,,,,,,,,,,,,,,,,,,,,,,,,,,,5.437935,6.160644,8.717505,10.436316,9.544349,10.46832,12.918916,16.526519
ZWD,,,,,,,,0.000714,0.000714,0.000714,0.000714,0.000714,0.000714,0.000714,0.000714,0.000714,0.000714,0.000714,0.000712,0.000658,0.000586,0.000584,0.000571,0.000626,0.000629,0.000675,0.000681,0.000668,0.000814,0.000842,0.001105,0.001328,0.001511,0.001508,0.001543,0.001993,0.002248,0.002312,0.004001,0.005289,0.006713,0.007671,0.008162,0.010368,0.013407,0.023383,0.042031,28.811381,55.806561,55.110962,603.682101,4089.944409,22247.8514,57753.7613,9351.040975,53968.81928,18365.49512,361.905792,361.895735,361.880718,361.927707,361.89979,361.906934,364.15389,361.893274,362.968509,374.377537,381.458915
